Entry Time,Exit Time,Symbol,Entry Side,Status,Entry Price,Exit Price,Entry Qty,P&L USD,P&L %,Total Fee,Hold Duration (sec),Exit Reason,Strategy Tag
2025-10-25T14:09:01.021390,2025-10-25T14:09:02.477388,ALGOUSDT,BUY,CLOSED,0.18260000,0.18270000,273.82256298,0.0274,0.05,,1.46,TP,mm_entry
2025-10-25T14:08:48.681528,,TRXUSDT,BUY,OPEN,0.29790000,,167.84155757,,,,,,mm_entry
2025-10-25T14:08:48.453394,,LINKUSDT,BUY,OPEN,17.95000000,,2.78551532,,,,,,mm_entry
2025-10-25T14:08:18.655103,2025-10-25T14:08:43.682951,TRXUSDT,BUY,CLOSED,0.29800000,0.29800000,167.78523490,,,,25.03,TIMEOUT,mm_entry
2025-10-25T14:08:18.444222,2025-10-25T14:08:20.342580,LINKUSDT,BUY,CLOSED,17.95000000,17.96000000,2.78551532,0.0279,0.06,,1.90,TP,mm_entry
2025-10-25T14:08:16.840801,2025-10-25T14:08:18.861511,ALGOUSDT,BUY,CLOSED,0.18270000,0.18280000,273.67268747,0.0274,0.05,,2.02,TP,mm_entry
2025-10-25T14:07:48.456378,2025-10-25T14:08:06.060808,TRXUSDT,BUY,CLOSED,0.29790000,0.29810000,167.84155757,0.0336,0.07,,17.60,TP,mm_entry
2025-10-25T14:07:32.997454,2025-10-25T14:07:34.376350,ALGOUSDT,BUY,CLOSED,0.18290000,0.18300000,273.37342810,0.0273,0.05,,1.38,TP,mm_entry
2025-10-25T14:07:22.973947,2025-10-25T14:07:24.467579,LINKUSDT,BUY,CLOSED,17.95000000,17.96000000,2.78551532,0.0279,0.06,,1.49,TP,mm_entry
2025-10-25T14:07:18.378813,2025-10-25T14:07:43.388576,TRXUSDT,BUY,CLOSED,0.29790000,0.29800000,167.84155757,0.0168,0.03,,25.01,TIMEOUT,mm_entry
2025-10-25T14:06:52.933932,2025-10-25T14:06:54.292198,LINKUSDT,BUY,CLOSED,17.94000000,17.95000000,2.78706800,0.0279,0.06,,1.36,TP,mm_entry
2025-10-25T14:06:35.082593,2025-10-25T14:06:55.961961,TRXUSDT,BUY,CLOSED,0.29770000,0.29790000,167.95431643,0.0336,0.07,,20.88,TP,mm_entry
2025-10-25T14:06:22.931991,2025-10-25T14:06:24.363574,LINKUSDT,BUY,CLOSED,17.94000000,17.95000000,2.78706800,0.0279,0.06,,1.43,TP,mm_entry
2025-10-25T14:06:05.368720,2025-10-25T14:06:06.702264,VETUSDT,BUY,CLOSED,0.01714000,0.01715000,2917.15285881,0.0292,0.06,,1.33,TP,mm_entry
2025-10-25T14:06:05.001209,2025-10-25T14:06:30.108476,TRXUSDT,BUY,CLOSED,0.29770000,0.29780000,167.95431643,0.0168,0.03,,25.11,TIMEOUT,mm_entry
2025-10-25T14:05:52.876983,2025-10-25T14:05:54.287462,LINKUSDT,BUY,CLOSED,17.93000000,17.94000000,2.78862242,0.0279,0.06,,1.41,TP,mm_entry
2025-10-25T14:05:34.955855,2025-10-25T14:06:00.027620,TRXUSDT,BUY,CLOSED,0.29770000,0.29780000,167.95431643,0.0168,0.03,,25.07,TIMEOUT,mm_entry
2025-10-25T14:05:33.076037,2025-10-25T14:05:34.726135,VETUSDT,BUY,CLOSED,0.01714000,0.01715000,2917.15285881,0.0292,0.06,,1.65,TP,mm_entry
2025-10-25T14:05:22.876979,2025-10-25T14:05:43.697639,LINKUSDT,BUY,CLOSED,17.93000000,17.94000000,2.78862242,0.0279,0.06,,20.82,TP,mm_entry
2025-10-25T14:05:03.238905,2025-10-25T14:05:28.329768,TRXUSDT,BUY,CLOSED,0.29780000,0.29780000,167.89791807,,,,25.09,TIMEOUT,mm_entry
2025-10-25T14:05:03.043653,2025-10-25T14:05:04.386085,VETUSDT,BUY,CLOSED,0.01714000,0.01715000,2917.15285881,0.0292,0.06,,1.34,TP,mm_entry
2025-10-25T14:04:33.157412,2025-10-25T14:04:58.208308,TRXUSDT,BUY,CLOSED,0.29790000,0.29800000,167.84155757,0.0168,0.03,,25.05,TIMEOUT,mm_entry
2025-10-25T14:04:32.965642,2025-10-25T14:04:34.472991,VETUSDT,BUY,CLOSED,0.01714000,0.01715000,2917.15285881,0.0292,0.06,,1.51,TP,mm_entry
2025-10-25T14:04:02.904248,2025-10-25T14:04:04.372565,ALGOUSDT,BUY,CLOSED,0.18270000,0.18280000,273.67268747,0.0274,0.05,,1.47,TP,mm_entry
2025-10-25T14:04:02.698192,2025-10-25T14:04:04.575257,LINKUSDT,BUY,CLOSED,17.92000000,17.93000000,2.79017857,0.0279,0.06,,1.88,TP,mm_entry
2025-10-25T14:03:33.873724,2025-10-25T14:03:58.874583,TRXUSDT,BUY,CLOSED,0.29840000,0.29840000,167.56032172,,,,25.00,TIMEOUT,mm_entry
2025-10-25T14:03:33.668150,2025-10-25T14:03:34.991216,VETUSDT,BUY,CLOSED,0.01714000,0.01715000,2917.15285881,0.0292,0.06,,1.32,TP,mm_entry
2025-10-25T14:03:20.176774,2025-10-25T14:03:21.248567,LINKUSDT,BUY,CLOSED,17.93000000,17.94000000,2.78862242,0.0279,0.06,,1.07,TP,mm_entry
2025-10-25T14:03:18.759129,2025-10-25T14:03:19.970148,ALGOUSDT,BUY,CLOSED,0.18270000,0.18280000,273.67268747,0.0274,0.05,,1.21,TP,mm_entry
2025-10-25T14:02:47.052368,2025-10-25T14:02:48.578257,TRXUSDT,BUY,CLOSED,0.29830000,0.29850000,167.61649346,0.0335,0.07,,1.53,TP,mm_entry
2025-10-25T14:02:32.118674,2025-10-25T14:02:33.596267,LINKUSDT,BUY,CLOSED,17.92000000,17.93000000,2.79017857,0.0279,0.06,,1.48,TP,mm_entry
2025-10-25T14:02:17.437732,2025-10-25T14:02:18.864241,ALGOUSDT,BUY,CLOSED,0.18250000,0.18260000,273.97260274,0.0274,0.05,,1.43,TP,mm_entry
2025-10-25T14:02:17.230887,2025-10-25T14:02:19.072819,VETUSDT,BUY,CLOSED,0.01712000,0.01713000,2920.56074766,0.0292,0.06,,1.84,TP,mm_entry
2025-10-25T14:02:17.024751,2025-10-25T14:02:38.040752,TRXUSDT,BUY,CLOSED,0.29850000,0.29830000,167.50418760,-0.0335,-0.07,,21.02,SL,mm_entry
2025-10-25T14:02:02.105690,2025-10-25T14:02:03.277189,LINKUSDT,BUY,CLOSED,17.90000000,17.91000000,2.79329609,0.0279,0.06,,1.17,TP,mm_entry
2025-10-25T14:01:36.730976,2025-10-25T14:01:50.833128,TRXUSDT,BUY,CLOSED,0.29830000,0.29850000,167.61649346,0.0335,0.07,,14.10,TP,mm_entry
2025-10-25T14:01:34.027568,2025-10-25T14:01:35.388899,ALGOUSDT,BUY,CLOSED,0.18240000,0.18250000,274.12280702,0.0274,0.05,,1.36,TP,mm_entry
2025-10-25T14:01:20.140141,2025-10-25T14:01:21.568882,LINKUSDT,BUY,CLOSED,17.89000000,17.90000000,2.79485746,0.0279,0.06,,1.43,TP,mm_entry
2025-10-25T14:01:18.030000,2025-10-25T14:01:19.258795,VETUSDT,BUY,CLOSED,0.01711000,0.01712000,2922.26767972,0.0292,0.06,,1.23,TP,mm_entry
2025-10-25T14:01:06.659860,2025-10-25T14:01:31.673942,TRXUSDT,BUY,CLOSED,0.29830000,0.29840000,167.61649346,0.0168,0.03,,25.01,TIMEOUT,mm_entry
2025-10-25T14:01:03.946322,2025-10-25T14:01:05.166524,ALGOUSDT,BUY,CLOSED,0.18250000,0.18260000,273.97260274,0.0274,0.05,,1.22,TP,mm_entry
2025-10-25T14:00:50.106930,2025-10-25T14:00:51.554532,LINKUSDT,BUY,CLOSED,17.91000000,17.92000000,2.79173646,0.0279,0.06,,1.45,TP,mm_entry
2025-10-25T14:00:36.650229,2025-10-25T14:00:59.044436,TRXUSDT,BUY,CLOSED,0.29810000,0.29840000,167.72895002,0.0503,0.10,,22.39,TP,mm_entry
2025-10-25T14:00:33.865286,2025-10-25T14:00:35.240327,ALGOUSDT,BUY,CLOSED,0.18250000,0.18260000,273.97260274,0.0274,0.05,,1.38,TP,mm_entry
2025-10-25T14:00:20.033729,2025-10-25T14:00:21.191269,LINKUSDT,BUY,CLOSED,17.91000000,17.92000000,2.79173646,0.0279,0.06,,1.16,TP,mm_entry
2025-10-25T14:00:06.546959,2025-10-25T14:00:31.597625,TRXUSDT,BUY,CLOSED,0.29810000,0.29820000,167.72895002,0.0168,0.03,,25.05,TIMEOUT,mm_entry
2025-10-25T13:59:51.087571,2025-10-25T13:59:52.752772,ALGOUSDT,BUY,CLOSED,0.18260000,0.18270000,273.82256298,0.0274,0.05,,1.67,TP,mm_entry
2025-10-25T13:59:49.949524,2025-10-25T13:59:51.598789,LINKUSDT,BUY,CLOSED,17.92000000,17.93000000,2.79017857,0.0279,0.06,,1.65,TP,mm_entry
2025-10-25T13:59:36.486502,2025-10-25T14:00:01.553360,TRXUSDT,BUY,CLOSED,0.29810000,0.29820000,167.72895002,0.0168,0.03,,25.07,TIMEOUT,mm_entry
2025-10-25T13:59:21.045093,2025-10-25T13:59:22.185705,ALGOUSDT,BUY,CLOSED,0.18260000,0.18270000,273.82256298,0.0274,0.05,,1.14,TP,mm_entry
2025-10-25T13:59:06.684492,2025-10-25T13:59:09.035158,LINKUSDT,BUY,CLOSED,17.94000000,17.95000000,2.78706800,0.0279,0.06,,2.35,TP,mm_entry
2025-10-25T13:59:06.478757,2025-10-25T13:59:31.560567,TRXUSDT,BUY,CLOSED,0.29810000,0.29820000,167.72895002,0.0168,0.03,,25.08,TIMEOUT,mm_entry
2025-10-25T13:58:22.614222,2025-10-25T13:58:47.704925,TRXUSDT,BUY,CLOSED,0.29820000,0.29830000,167.67270288,0.0168,0.03,,25.09,TIMEOUT,mm_entry
2025-10-25T13:58:15.845050,2025-10-25T13:58:17.222145,LINKUSDT,BUY,CLOSED,17.95000000,17.96000000,2.78551532,0.0279,0.06,,1.38,TP,mm_entry
2025-10-25T13:58:08.838039,2025-10-25T13:58:10.217206,VETUSDT,BUY,CLOSED,0.01713000,0.01714000,2918.85580852,0.0292,0.06,,1.38,TP,mm_entry
2025-10-25T13:57:53.474129,2025-10-25T13:57:54.824717,ALGOUSDT,BUY,CLOSED,0.18280000,0.18290000,273.52297593,0.0274,0.05,,1.35,TP,mm_entry
2025-10-25T13:57:52.413709,2025-10-25T13:58:17.427639,TRXUSDT,BUY,CLOSED,0.29820000,0.29830000,167.67270288,0.0168,0.03,,25.01,TIMEOUT,mm_entry
2025-10-25T13:57:45.818464,2025-10-25T13:57:51.648011,LINKUSDT,BUY,CLOSED,17.95000000,17.96000000,2.78551532,0.0279,0.06,,5.83,TP,mm_entry
2025-10-25T13:57:38.790920,2025-10-25T13:57:39.767224,VETUSDT,BUY,CLOSED,0.01712000,0.01714000,2920.56074766,0.0584,0.12,,0.98,TP,mm_entry
2025-10-25T13:57:22.324574,2025-10-25T13:57:47.333252,TRXUSDT,BUY,CLOSED,0.29820000,0.29830000,167.67270288,0.0168,0.03,,25.01,TIMEOUT,mm_entry
2025-10-25T13:57:15.789255,2025-10-25T13:57:17.123669,LINKUSDT,BUY,CLOSED,17.95000000,17.96000000,2.78551532,0.0279,0.06,,1.33,TP,mm_entry
2025-10-25T13:56:55.337869,2025-10-25T13:56:56.539761,ALGOUSDT,BUY,CLOSED,0.18280000,0.18290000,273.52297593,0.0274,0.05,,1.20,TP,mm_entry
2025-10-25T13:56:52.285496,2025-10-25T13:57:06.055490,TRXUSDT,BUY,CLOSED,0.29810000,0.29830000,167.72895002,0.0335,0.07,,13.77,TP,mm_entry
2025-10-25T13:56:45.699494,2025-10-25T13:56:49.033948,LINKUSDT,BUY,CLOSED,17.95000000,17.96000000,2.78551532,0.0279,0.06,,3.33,TP,mm_entry
2025-10-25T13:56:22.234419,2025-10-25T13:56:47.325768,TRXUSDT,BUY,CLOSED,0.29810000,0.29820000,167.72895002,0.0168,0.03,,25.09,TIMEOUT,mm_entry
2025-10-25T13:56:15.667348,2025-10-25T13:56:16.979548,LINKUSDT,BUY,CLOSED,17.94000000,17.95000000,2.78706800,0.0279,0.06,,1.31,TP,mm_entry
2025-10-25T13:56:12.289047,2025-10-25T13:56:13.334475,VETUSDT,BUY,CLOSED,0.01713000,0.01714000,2918.85580852,0.0292,0.06,,1.05,TP,mm_entry
2025-10-25T13:55:51.107837,2025-10-25T13:56:16.226707,TRXUSDT,BUY,CLOSED,0.29810000,0.29820000,167.72895002,0.0168,0.03,,25.12,TIMEOUT,mm_entry
2025-10-25T13:55:45.621553,2025-10-25T13:55:46.983657,LINKUSDT,BUY,CLOSED,17.93000000,17.94000000,2.78862242,0.0279,0.06,,1.36,TP,mm_entry
2025-10-25T13:55:28.858271,2025-10-25T13:55:30.316508,ALGOUSDT,BUY,CLOSED,0.18280000,0.18290000,273.52297593,0.0274,0.05,,1.46,TP,mm_entry
2025-10-25T13:55:21.091942,2025-10-25T13:55:46.197068,TRXUSDT,BUY,CLOSED,0.29810000,0.29820000,167.72895002,0.0168,0.03,,25.11,TIMEOUT,mm_entry
2025-10-25T13:55:15.549422,2025-10-25T13:55:16.872896,LINKUSDT,BUY,CLOSED,17.92000000,17.93000000,2.79017857,0.0279,0.06,,1.32,TP,mm_entry
2025-10-25T13:55:03.941419,2025-10-25T13:55:05.194571,VETUSDT,BUY,CLOSED,0.01712000,0.01713000,2920.56074766,0.0292,0.06,,1.25,TP,mm_entry
2025-10-25T13:54:51.038511,2025-10-25T13:55:16.091099,TRXUSDT,BUY,CLOSED,0.29810000,0.29820000,167.72895002,0.0168,0.03,,25.05,TIMEOUT,mm_entry
2025-10-25T13:54:45.469784,2025-10-25T13:54:46.507654,LINKUSDT,BUY,CLOSED,17.91000000,17.92000000,2.79173646,0.0279,0.06,,1.04,TP,mm_entry
2025-10-25T13:54:31.697214,2025-10-25T13:54:54.261310,XRPUSDT,BUY,CLOSED,2.54760000,2.54870000,19.62631496,0.0216,0.04,,22.56,TP,mm_entry
2025-10-25T13:54:20.985951,2025-10-25T13:54:46.013068,TRXUSDT,BUY,CLOSED,0.29810000,0.29820000,167.72895002,0.0168,0.03,,25.03,TIMEOUT,mm_entry
2025-10-25T13:53:50.960133,2025-10-25T13:54:15.991576,TRXUSDT,BUY,CLOSED,0.29810000,0.29820000,167.72895002,0.0168,0.03,,25.03,TIMEOUT,mm_entry
2025-10-25T13:53:47.190794,2025-10-25T13:53:48.664009,LINKUSDT,BUY,CLOSED,17.91000000,17.92000000,2.79173646,0.0279,0.06,,1.47,TP,mm_entry
2025-10-25T13:53:46.983967,2025-10-25T13:53:48.454950,ALGOUSDT,BUY,CLOSED,0.18270000,0.18280000,273.67268747,0.0274,0.05,,1.47,TP,mm_entry
2025-10-25T13:53:31.409307,2025-10-25T13:53:32.733923,VETUSDT,BUY,CLOSED,0.01714000,0.01715000,2917.15285881,0.0292,0.06,,1.32,TP,mm_entry
2025-10-25T13:53:21.473940,2025-10-25T13:53:35.243526,XRPUSDT,BUY,CLOSED,2.55100000,2.55190000,19.60015680,0.0176,0.04,,13.77,TP,mm_entry
2025-10-25T13:53:20.930713,2025-10-25T13:53:45.942139,TRXUSDT,BUY,CLOSED,0.29810000,0.29820000,167.72895002,0.0168,0.03,,25.01,TIMEOUT,mm_entry
2025-10-25T13:53:16.948085,2025-10-25T13:53:18.148169,LINKUSDT,BUY,CLOSED,17.91000000,17.92000000,2.79173646,0.0279,0.06,,1.20,TP,mm_entry
2025-10-25T13:53:01.837727,2025-10-25T13:53:03.139970,ALGOUSDT,BUY,CLOSED,0.18270000,0.18280000,273.67268747,0.0274,0.05,,1.30,TP,mm_entry
2025-10-25T13:52:50.871300,2025-10-25T13:53:15.905988,TRXUSDT,BUY,CLOSED,0.29810000,0.29820000,167.72895002,0.0168,0.03,,25.03,TIMEOUT,mm_entry
2025-10-25T13:52:46.849226,2025-10-25T13:52:48.028881,LINKUSDT,BUY,CLOSED,17.91000000,17.92000000,2.79173646,0.0279,0.06,,1.18,TP,mm_entry
2025-10-25T13:52:34.631022,2025-10-25T13:52:37.356524,XRPUSDT,BUY,CLOSED,2.55080000,2.55200000,19.60169359,0.0235,0.05,,2.73,TP,mm_entry
2025-10-25T13:52:33.191189,2025-10-25T13:52:34.202279,VETUSDT,BUY,CLOSED,0.01714000,0.01715000,2917.15285881,0.0292,0.06,,1.01,TP,mm_entry
2025-10-25T13:52:20.835817,2025-10-25T13:52:45.873389,TRXUSDT,BUY,CLOSED,0.29810000,0.29820000,167.72895002,0.0168,0.03,,25.04,TIMEOUT,mm_entry
2025-10-25T13:52:01.611896,2025-10-25T13:52:02.701085,LINKUSDT,BUY,CLOSED,17.90000000,17.91000000,2.79329609,0.0279,0.06,,1.09,TP,mm_entry
2025-10-25T13:51:50.792109,2025-10-25T13:52:15.802998,TRXUSDT,BUY,CLOSED,0.29810000,0.29820000,167.72895002,0.0168,0.03,,25.01,TIMEOUT,mm_entry
2025-10-25T13:51:47.056960,2025-10-25T13:51:48.174640,VETUSDT,BUY,CLOSED,0.01714000,0.01715000,2917.15285881,0.0292,0.06,,1.12,TP,mm_entry
2025-10-25T13:51:31.573496,2025-10-25T13:51:32.658454,LINKUSDT,BUY,CLOSED,17.90000000,17.91000000,2.79329609,0.0279,0.06,,1.08,TP,mm_entry
2025-10-25T13:51:20.050782,2025-10-25T13:51:45.159819,TRXUSDT,BUY,CLOSED,0.29810000,0.29820000,167.72895002,0.0168,0.03,,25.11,TIMEOUT,mm_entry
2025-10-25T13:51:17.055397,2025-10-25T13:51:18.508742,VETUSDT,BUY,CLOSED,0.01714000,0.01715000,2917.15285881,0.0292,0.06,,1.45,TP,mm_entry
2025-10-25T13:50:48.091447,2025-10-25T13:51:13.147356,TRXUSDT,BUY,CLOSED,0.29810000,0.29820000,167.72895002,0.0168,0.03,,25.06,TIMEOUT,mm_entry
2025-10-25T13:50:07.522457,2025-10-25T13:50:08.885736,VETUSDT,BUY,CLOSED,0.01715000,0.01716000,2915.45189504,0.0292,0.06,,1.36,TP,mm_entry
2025-10-25T13:50:05.896110,2025-10-25T13:50:07.125442,LINKUSDT,BUY,CLOSED,17.91000000,17.92000000,2.79173646,0.0279,0.06,,1.23,TP,mm_entry
2025-10-25T13:50:05.684456,2025-10-25T13:50:07.745536,ALGOUSDT,BUY,CLOSED,0.18280000,0.18290000,273.52297593,0.0274,0.05,,2.06,TP,mm_entry
2025-10-25T13:49:35.818619,2025-10-25T13:49:37.282986,LINKUSDT,BUY,CLOSED,17.91000000,17.92000000,2.79173646,0.0279,0.06,,1.46,TP,mm_entry
2025-10-25T13:49:35.595497,2025-10-25T13:49:36.788938,ALGOUSDT,BUY,CLOSED,0.18280000,0.18290000,273.52297593,0.0274,0.05,,1.19,TP,mm_entry
2025-10-25T13:49:18.042197,2025-10-25T13:49:43.129398,TRXUSDT,BUY,CLOSED,0.29820000,0.29830000,167.67270288,0.0168,0.03,,25.09,TIMEOUT,mm_entry
2025-10-25T13:48:47.962643,2025-10-25T13:49:13.052817,TRXUSDT,BUY,CLOSED,0.29820000,0.29830000,167.67270288,0.0168,0.03,,25.09,TIMEOUT,mm_entry
2025-10-25T13:48:29.633526,2025-10-25T13:48:30.986166,LINKUSDT,BUY,CLOSED,17.92000000,17.93000000,2.79017857,0.0279,0.06,,1.35,TP,mm_entry
2025-10-25T13:48:17.957592,2025-10-25T13:48:42.990569,TRXUSDT,BUY,CLOSED,0.29820000,0.29830000,167.67270288,0.0168,0.03,,25.03,TIMEOUT,mm_entry
2025-10-25T13:47:59.564972,2025-10-25T13:48:00.799944,LINKUSDT,BUY,CLOSED,17.93000000,17.94000000,2.78862242,0.0279,0.06,,1.23,TP,mm_entry
2025-10-25T13:47:46.613433,2025-10-25T13:48:11.696915,TRXUSDT,BUY,CLOSED,0.29830000,0.29830000,167.61649346,,,,25.08,TIMEOUT,mm_entry
2025-10-25T13:47:33.757533,2025-10-25T13:47:39.085487,XRPUSDT,BUY,CLOSED,2.55290000,2.55410000,19.58556935,0.0235,0.05,,5.33,TP,mm_entry
2025-10-25T13:47:29.531800,2025-10-25T13:47:30.542169,LINKUSDT,BUY,CLOSED,17.92000000,17.94000000,2.79017857,0.0558,0.11,,1.01,TP,mm_entry
2025-10-25T13:47:16.524893,2025-10-25T13:47:41.643193,TRXUSDT,BUY,CLOSED,0.29820000,0.29830000,167.67270288,0.0168,0.03,,25.12,TIMEOUT,mm_entry
2025-10-25T13:46:46.435308,2025-10-25T13:47:11.479658,TRXUSDT,BUY,CLOSED,0.29820000,0.29830000,167.67270288,0.0168,0.03,,25.04,TIMEOUT,mm_entry
2025-10-25T13:46:16.354920,2025-10-25T13:46:41.373697,TRXUSDT,BUY,CLOSED,0.29820000,0.29830000,167.67270288,0.0168,0.03,,25.02,TIMEOUT,mm_entry
2025-10-25T13:45:46.254845,2025-10-25T13:45:48.655235,TRXUSDT,BUY,CLOSED,0.29810000,0.29830000,167.72895002,0.0335,0.07,,2.40,TP,mm_entry
2025-10-25T13:45:44.895241,2025-10-25T13:45:46.063997,LINKUSDT,BUY,CLOSED,17.92000000,17.93000000,2.79017857,0.0279,0.06,,1.17,TP,mm_entry
2025-10-25T13:45:44.463374,2025-10-25T13:45:46.477637,VETUSDT,BUY,CLOSED,0.01716000,0.01717000,2913.75291375,0.0291,0.06,,2.01,TP,mm_entry
2025-10-25T13:45:16.100734,2025-10-25T13:45:41.159319,TRXUSDT,BUY,CLOSED,0.29810000,0.29820000,167.72895002,0.0168,0.03,,25.06,TIMEOUT,mm_entry
2025-10-25T13:45:14.790055,2025-10-25T13:45:16.292043,LINKUSDT,BUY,CLOSED,17.91000000,17.92000000,2.79173646,0.0279,0.06,,1.50,TP,mm_entry
2025-10-25T13:45:14.377265,2025-10-25T13:45:16.499265,VETUSDT,BUY,CLOSED,0.01716000,0.01717000,2913.75291375,0.0291,0.06,,2.12,TP,mm_entry
2025-10-25T13:44:44.721291,2025-10-25T13:44:46.028116,LINKUSDT,BUY,CLOSED,17.92000000,17.93000000,2.79017857,0.0279,0.06,,1.31,TP,mm_entry
2025-10-25T13:44:44.526844,2025-10-25T13:45:09.608896,TRXUSDT,BUY,CLOSED,0.29810000,0.29820000,167.72895002,0.0168,0.03,,25.08,TIMEOUT,mm_entry
2025-10-25T13:44:44.319988,2025-10-25T13:44:46.234716,VETUSDT,BUY,CLOSED,0.01716000,0.01717000,2913.75291375,0.0291,0.06,,1.91,TP,mm_entry
2025-10-25T13:42:04.906329,2025-10-25T13:42:06.436443,LINKUSDT,BUY,CLOSED,17.90000000,17.91000000,2.79329609,0.0279,0.06,,1.53,TP,mm_entry
2025-10-25T13:41:34.794773,2025-10-25T13:41:36.175763,LINKUSDT,BUY,CLOSED,17.90000000,17.91000000,2.79329609,0.0279,0.06,,1.38,TP,mm_entry
2025-10-25T13:41:04.771396,2025-10-25T13:41:06.220612,LINKUSDT,BUY,CLOSED,17.88000000,17.89000000,2.79642058,0.0280,0.06,,1.45,TP,mm_entry
2025-10-25T13:40:34.696834,2025-10-25T13:40:36.073022,LINKUSDT,BUY,CLOSED,17.88000000,17.89000000,2.79642058,0.0280,0.06,,1.38,TP,mm_entry
2025-10-25T13:40:04.872967,2025-10-25T13:40:06.162830,TRXUSDT,BUY,CLOSED,0.29800000,0.29820000,167.78523490,0.0336,0.07,,1.29,TP,mm_entry
2025-10-25T13:40:04.667362,2025-10-25T13:40:05.822753,LINKUSDT,BUY,CLOSED,17.89000000,17.90000000,2.79485746,0.0279,0.06,,1.16,TP,mm_entry
2025-10-25T13:39:34.811287,2025-10-25T13:39:36.060573,TRXUSDT,BUY,CLOSED,0.29800000,0.29820000,167.78523490,0.0336,0.07,,1.25,TP,mm_entry
2025-10-25T13:39:34.598483,2025-10-25T13:39:36.285565,LINKUSDT,BUY,CLOSED,17.89000000,17.90000000,2.79485746,0.0279,0.06,,1.69,TP,mm_entry
2025-10-25T13:35:55.085941,2025-10-25T13:35:56.369333,LINKUSDT,BUY,CLOSED,17.88000000,17.89000000,2.79642058,0.0280,0.06,,1.28,TP,mm_entry
2025-10-25T13:35:25.018225,2025-10-25T13:35:26.349534,LINKUSDT,BUY,CLOSED,17.89000000,17.90000000,2.79485746,0.0279,0.06,,1.33,TP,mm_entry
2025-10-25T13:34:54.929524,2025-10-25T13:34:56.149804,LINKUSDT,BUY,CLOSED,17.89000000,17.90000000,2.79485746,0.0279,0.06,,1.22,TP,mm_entry
2025-10-25T13:34:25.105727,2025-10-25T13:34:46.713343,TRXUSDT,BUY,CLOSED,0.29820000,0.29840000,167.67270288,0.0335,0.07,,21.61,TP,mm_entry
2025-10-25T13:34:24.899447,2025-10-25T13:34:26.155765,LINKUSDT,BUY,CLOSED,17.90000000,17.91000000,2.79329609,0.0279,0.06,,1.26,TP,mm_entry
2025-10-25T13:24:37.323553,2025-10-25T13:25:02.367682,TRXUSDT,BUY,CLOSED,0.29770000,0.29780000,167.95431643,0.0168,0.03,,25.04,TIMEOUT,mm_entry
2025-10-25T13:24:06.020070,2025-10-25T13:24:31.029967,TRXUSDT,BUY,CLOSED,0.29770000,0.29780000,167.95431643,0.0168,0.03,,25.01,TIMEOUT,mm_entry
2025-10-25T13:24:05.809772,2025-10-25T13:24:07.099477,LINKUSDT,BUY,CLOSED,17.90000000,17.91000000,2.79329609,0.0279,0.06,,1.29,TP,mm_entry
2025-10-25T13:19:56.444863,2025-10-25T13:20:10.615530,TRXUSDT,BUY,CLOSED,0.29780000,0.29810000,167.89791807,0.0504,0.10,,14.17,TP,mm_entry
2025-10-25T13:19:26.361073,2025-10-25T13:19:51.430001,TRXUSDT,BUY,CLOSED,0.29780000,0.29790000,167.89791807,0.0168,0.03,,25.07,TIMEOUT,mm_entry
2025-10-25T13:18:56.353706,2025-10-25T13:19:21.369065,TRXUSDT,BUY,CLOSED,0.29780000,0.29790000,167.89791807,0.0168,0.03,,25.02,TIMEOUT,mm_entry
2025-10-25T13:14:16.583622,2025-10-25T13:14:19.202677,TRXUSDT,BUY,CLOSED,0.29750000,0.29770000,168.06722689,0.0336,0.07,,2.62,TP,mm_entry
2025-10-25T13:13:46.785946,2025-10-25T13:13:48.340877,LINKUSDT,BUY,CLOSED,17.86000000,17.87000000,2.79955207,0.0280,0.06,,1.55,TP,mm_entry
2025-10-25T13:13:46.569953,2025-10-25T13:14:11.677867,TRXUSDT,BUY,CLOSED,0.29750000,0.29760000,168.06722689,0.0168,0.03,,25.11,TIMEOUT,mm_entry
2025-10-25T13:09:36.191380,2025-10-25T13:09:37.668424,LINKUSDT,BUY,CLOSED,17.90000000,17.91000000,2.79329609,0.0279,0.06,,1.48,TP,mm_entry
2025-10-25T13:09:06.102323,2025-10-25T13:09:07.506415,LINKUSDT,BUY,CLOSED,17.89000000,17.90000000,2.79485746,0.0279,0.06,,1.40,TP,mm_entry
2025-10-25T13:08:36.063118,2025-10-25T13:08:37.467207,LINKUSDT,BUY,CLOSED,17.89000000,17.90000000,2.79485746,0.0279,0.06,,1.40,TP,mm_entry
2025-10-25T13:06:26.657317,2025-10-25T13:06:51.682003,TRXUSDT,BUY,CLOSED,0.29770000,0.29780000,167.95431643,0.0168,0.03,,25.02,TIMEOUT,mm_entry
2025-10-25T13:05:56.624462,2025-10-25T13:06:21.737681,TRXUSDT,BUY,CLOSED,0.29770000,0.29780000,167.95431643,0.0168,0.03,,25.11,TIMEOUT,mm_entry
2025-10-25T13:05:26.600545,2025-10-25T13:05:51.708601,TRXUSDT,BUY,CLOSED,0.29770000,0.29780000,167.95431643,0.0168,0.03,,25.11,TIMEOUT,mm_entry
2025-10-25T13:04:56.488772,2025-10-25T13:05:21.514461,TRXUSDT,BUY,CLOSED,0.29770000,0.29780000,167.95431643,0.0168,0.03,,25.03,TIMEOUT,mm_entry
2025-10-25T13:04:26.603266,2025-10-25T13:04:28.209559,LINKUSDT,BUY,CLOSED,17.92000000,17.93000000,2.79017857,0.0279,0.06,,1.61,TP,mm_entry
2025-10-25T13:04:26.411574,2025-10-25T13:04:51.525954,TRXUSDT,BUY,CLOSED,0.29780000,0.29790000,167.89791807,0.0168,0.03,,25.11,TIMEOUT,mm_entry
2025-10-25T13:03:56.576100,2025-10-25T13:03:57.696548,LINKUSDT,BUY,CLOSED,17.93000000,17.94000000,2.78862242,0.0279,0.06,,1.12,TP,mm_entry
2025-10-25T13:03:56.369917,2025-10-25T13:04:21.417263,TRXUSDT,BUY,CLOSED,0.29790000,0.29790000,167.84155757,,,,25.05,TIMEOUT,mm_entry
2025-10-25T13:03:26.541869,2025-10-25T13:03:28.355093,LINKUSDT,BUY,CLOSED,17.93000000,17.94000000,2.78862242,0.0279,0.06,,1.81,TP,mm_entry
2025-10-25T13:03:26.334605,2025-10-25T13:03:51.411777,TRXUSDT,BUY,CLOSED,0.29790000,0.29800000,167.84155757,0.0168,0.03,,25.08,TIMEOUT,mm_entry
2025-10-25T12:54:37.210351,2025-10-25T12:54:38.395990,LINKUSDT,BUY,CLOSED,17.92000000,17.93000000,2.79017857,0.0279,0.06,,1.19,TP,mm_entry
2025-10-25T12:54:07.420192,2025-10-25T12:54:08.966198,VETUSDT,BUY,CLOSED,0.01714000,0.01715000,2917.15285881,0.0292,0.06,,1.55,TP,mm_entry
2025-10-25T12:54:07.196669,2025-10-25T12:54:08.750960,LINKUSDT,BUY,CLOSED,17.92000000,17.93000000,2.79017857,0.0279,0.06,,1.55,TP,mm_entry
2025-10-25T12:53:37.404808,2025-10-25T12:53:39.069726,VETUSDT,BUY,CLOSED,0.01714000,0.01715000,2917.15285881,0.0292,0.06,,1.66,TP,mm_entry
2025-10-25T12:53:37.194026,2025-10-25T12:53:38.856998,LINKUSDT,BUY,CLOSED,17.92000000,17.93000000,2.79017857,0.0279,0.06,,1.66,TP,mm_entry
2025-10-25T12:53:07.316300,2025-10-25T12:53:08.854501,VETUSDT,BUY,CLOSED,0.01714000,0.01715000,2917.15285881,0.0292,0.06,,1.54,TP,mm_entry
2025-10-25T12:53:07.105574,2025-10-25T12:53:08.636104,LINKUSDT,BUY,CLOSED,17.92000000,17.93000000,2.79017857,0.0279,0.06,,1.53,TP,mm_entry
2025-10-25T12:49:56.645670,2025-10-25T12:50:21.645874,TRXUSDT,BUY,CLOSED,0.29750000,0.29760000,168.06722689,0.0168,0.03,,25.00,TIMEOUT,mm_entry
2025-10-25T12:49:26.595606,2025-10-25T12:49:51.670338,TRXUSDT,BUY,CLOSED,0.29750000,0.29760000,168.06722689,0.0168,0.03,,25.07,TIMEOUT,mm_entry
2025-10-25T12:48:58.077933,2025-10-25T12:48:59.326118,LINKUSDT,BUY,CLOSED,17.95000000,17.96000000,2.78551532,0.0279,0.06,,1.25,TP,mm_entry
2025-10-25T12:48:56.549831,2025-10-25T12:49:21.612921,TRXUSDT,BUY,CLOSED,0.29750000,0.29760000,168.06722689,0.0168,0.03,,25.06,TIMEOUT,mm_entry
2025-10-25T12:48:28.068807,2025-10-25T12:48:29.091283,LINKUSDT,BUY,CLOSED,17.96000000,17.97000000,2.78396437,0.0278,0.06,,1.02,TP,mm_entry
2025-10-25T12:48:26.491361,2025-10-25T12:48:51.579404,TRXUSDT,BUY,CLOSED,0.29750000,0.29760000,168.06722689,0.0168,0.03,,25.09,TIMEOUT,mm_entry
2025-10-25T12:47:56.613893,2025-10-25T12:47:57.952755,LINKUSDT,BUY,CLOSED,17.95000000,17.96000000,2.78551532,0.0279,0.06,,1.34,TP,mm_entry
2025-10-25T12:47:56.407925,2025-10-25T12:48:21.430434,TRXUSDT,BUY,CLOSED,0.29750000,0.29760000,168.06722689,0.0168,0.03,,25.02,TIMEOUT,mm_entry
2025-10-25T12:44:16.787477,2025-10-25T12:44:18.080372,ALGOUSDT,BUY,CLOSED,0.18360000,0.18370000,272.33115468,0.0272,0.05,,1.29,TP,mm_entry
2025-10-25T12:43:46.983774,2025-10-25T12:44:12.029718,TRXUSDT,BUY,CLOSED,0.29770000,0.29770000,167.95431643,,,,25.05,TIMEOUT,mm_entry
2025-10-25T12:43:46.730143,2025-10-25T12:43:48.236584,ALGOUSDT,BUY,CLOSED,0.18360000,0.18370000,272.33115468,0.0272,0.05,,1.51,TP,mm_entry
2025-10-25T12:43:16.942971,2025-10-25T12:43:41.956693,TRXUSDT,BUY,CLOSED,0.29770000,0.29780000,167.95431643,0.0168,0.03,,25.01,TIMEOUT,mm_entry
2025-10-25T12:43:16.703136,2025-10-25T12:43:18.237744,ALGOUSDT,BUY,CLOSED,0.18360000,0.18370000,272.33115468,0.0272,0.05,,1.53,TP,mm_entry
2025-10-25T12:42:46.866452,2025-10-25T12:43:11.898549,TRXUSDT,BUY,CLOSED,0.29770000,0.29780000,167.95431643,0.0168,0.03,,25.03,TIMEOUT,mm_entry
2025-10-25T12:42:46.657580,2025-10-25T12:42:48.121484,ALGOUSDT,BUY,CLOSED,0.18360000,0.18370000,272.33115468,0.0272,0.05,,1.46,TP,mm_entry
2025-10-25T12:39:37.168770,2025-10-25T12:40:02.206645,TRXUSDT,BUY,CLOSED,0.29770000,0.29780000,167.95431643,0.0168,0.03,,25.04,TIMEOUT,mm_entry
2025-10-25T12:39:07.068273,2025-10-25T12:39:32.105190,TRXUSDT,BUY,CLOSED,0.29770000,0.29780000,167.95431643,0.0168,0.03,,25.04,TIMEOUT,mm_entry
2025-10-25T12:38:36.960614,2025-10-25T12:39:02.058069,TRXUSDT,BUY,CLOSED,0.29770000,0.29780000,167.95431643,0.0168,0.03,,25.10,TIMEOUT,mm_entry
2025-10-25T12:38:06.916197,2025-10-25T12:38:31.955352,TRXUSDT,BUY,CLOSED,0.29770000,0.29780000,167.95431643,0.0168,0.03,,25.04,TIMEOUT,mm_entry
2025-10-25T12:37:36.862017,2025-10-25T12:37:54.777196,TRXUSDT,BUY,CLOSED,0.29760000,0.29780000,168.01075269,0.0336,0.07,,17.92,TP,mm_entry
2025-10-25T12:33:27.280997,2025-10-25T12:33:52.368272,TRXUSDT,BUY,CLOSED,0.29750000,0.29760000,168.06722689,0.0168,0.03,,25.09,TIMEOUT,mm_entry
2025-10-25T12:32:57.385391,2025-10-25T12:32:58.713658,LINKUSDT,BUY,CLOSED,17.94000000,17.95000000,2.78706800,0.0279,0.06,,1.33,TP,mm_entry
2025-10-25T12:32:57.176802,2025-10-25T12:33:22.286767,TRXUSDT,BUY,CLOSED,0.29760000,0.29770000,168.01075269,0.0168,0.03,,25.11,TIMEOUT,mm_entry
2025-10-25T12:32:27.379313,2025-10-25T12:32:28.777538,LINKUSDT,BUY,CLOSED,17.94000000,17.95000000,2.78706800,0.0279,0.06,,1.40,TP,mm_entry
2025-10-25T12:32:27.165202,2025-10-25T12:32:52.202136,TRXUSDT,BUY,CLOSED,0.29770000,0.29770000,167.95431643,,,,25.04,TIMEOUT,mm_entry
2025-10-25T12:27:16.445400,2025-10-25T12:27:17.709847,VETUSDT,BUY,CLOSED,0.01715000,0.01716000,2915.45189504,0.0292,0.06,,1.26,TP,mm_entry
2025-10-25T12:25:06.725098,2025-10-25T12:25:22.968717,TRXUSDT,BUY,CLOSED,0.29770000,0.29750000,167.95431643,-0.0336,-0.07,,16.24,SL,mm_entry
2025-10-25T12:24:36.663728,2025-10-25T12:25:01.685140,TRXUSDT,BUY,CLOSED,0.29780000,0.29780000,167.89791807,,,,25.02,TIMEOUT,mm_entry
2025-10-25T12:24:06.613353,2025-10-25T12:24:31.705511,TRXUSDT,BUY,CLOSED,0.29780000,0.29790000,167.89791807,0.0168,0.03,,25.09,TIMEOUT,mm_entry
2025-10-25T12:23:36.583456,2025-10-25T12:24:01.660596,TRXUSDT,BUY,CLOSED,0.29780000,0.29790000,167.89791807,0.0168,0.03,,25.08,TIMEOUT,mm_entry
2025-10-25T12:23:06.578979,2025-10-25T12:23:31.631647,TRXUSDT,BUY,CLOSED,0.29780000,0.29790000,167.89791807,0.0168,0.03,,25.05,TIMEOUT,mm_entry
2025-10-25T12:22:36.473910,2025-10-25T12:23:01.561788,TRXUSDT,BUY,CLOSED,0.29780000,0.29790000,167.89791807,0.0168,0.03,,25.09,TIMEOUT,mm_entry
2025-10-25T12:22:06.673339,2025-10-25T12:22:07.723719,LINKUSDT,BUY,CLOSED,17.97000000,17.99000000,2.78241514,0.0556,0.11,,1.05,TP,mm_entry
2025-10-25T12:22:06.466761,2025-10-25T12:22:31.563099,TRXUSDT,BUY,CLOSED,0.29780000,0.29790000,167.89791807,0.0168,0.03,,25.10,TIMEOUT,mm_entry
2025-10-25T12:17:56.873660,2025-10-25T12:17:58.335591,ALGOUSDT,BUY,CLOSED,0.18380000,0.18390000,272.03482046,0.0272,0.05,,1.46,TP,mm_entry
2025-10-25T12:17:26.849668,2025-10-25T12:17:28.852353,ALGOUSDT,BUY,CLOSED,0.18370000,0.18380000,272.18290691,0.0272,0.05,,2.00,TP,mm_entry
2025-10-25T12:16:57.054345,2025-10-25T12:16:58.146706,LINKUSDT,BUY,CLOSED,17.97000000,17.98000000,2.78241514,0.0278,0.06,,1.09,TP,mm_entry
2025-10-25T12:16:56.830856,2025-10-25T12:16:58.360175,ALGOUSDT,BUY,CLOSED,0.18380000,0.18390000,272.03482046,0.0272,0.05,,1.53,TP,mm_entry
2025-10-25T12:12:17.289887,2025-10-25T12:12:18.575090,LINKUSDT,BUY,CLOSED,18.00000000,18.01000000,2.77777778,0.0278,0.06,,1.29,TP,mm_entry
2025-10-25T12:11:47.181795,2025-10-25T12:11:48.438134,LINKUSDT,BUY,CLOSED,18.00000000,18.01000000,2.77777778,0.0278,0.06,,1.26,TP,mm_entry
2025-10-25T12:08:10.233405,2025-10-25T12:08:11.744060,VETUSDT,BUY,CLOSED,0.01717000,0.01718000,2912.05591147,0.0291,0.06,,1.51,TP,mm_entry
2025-10-25T12:07:40.228120,2025-10-25T12:07:41.207997,VETUSDT,BUY,CLOSED,0.01717000,0.01718000,2912.05591147,0.0291,0.06,,0.98,TP,mm_entry
2025-10-25T12:07:10.153644,2025-10-25T12:07:11.851884,VETUSDT,BUY,CLOSED,0.01717000,0.01718000,2912.05591147,0.0291,0.06,,1.70,TP,mm_entry
2025-10-25T12:07:07.391557,2025-10-25T12:07:09.053194,ALGOUSDT,BUY,CLOSED,0.18410000,0.18420000,271.59152634,0.0272,0.05,,1.66,TP,mm_entry
2025-10-25T12:06:37.572639,2025-10-25T12:06:39.153890,VETUSDT,BUY,CLOSED,0.01717000,0.01718000,2912.05591147,0.0291,0.06,,1.58,TP,mm_entry
2025-10-25T12:06:37.365163,2025-10-25T12:06:38.626410,ALGOUSDT,BUY,CLOSED,0.18400000,0.18420000,271.73913043,0.0543,0.11,,1.26,TP,mm_entry
2025-10-25T12:06:37.143158,2025-10-25T12:06:53.704831,TRXUSDT,BUY,CLOSED,0.29800000,0.29820000,167.78523490,0.0336,0.07,,16.56,TP,mm_entry
2025-10-25T12:01:27.343043,2025-10-25T12:01:52.372896,TRXUSDT,BUY,CLOSED,0.29800000,0.29800000,167.78523490,,,,25.03,TIMEOUT,mm_entry
2025-10-25T11:58:47.944822,2025-10-25T11:59:13.056978,TRXUSDT,BUY,CLOSED,0.29800000,0.29810000,167.78523490,0.0168,0.03,,25.11,TIMEOUT,mm_entry
2025-10-25T11:58:17.851351,2025-10-25T11:58:42.874770,TRXUSDT,BUY,CLOSED,0.29800000,0.29810000,167.78523490,0.0168,0.03,,25.02,TIMEOUT,mm_entry
2025-10-25T11:57:47.790863,2025-10-25T11:58:12.815628,TRXUSDT,BUY,CLOSED,0.29800000,0.29810000,167.78523490,0.0168,0.03,,25.02,TIMEOUT,mm_entry
2025-10-25T11:57:17.736249,2025-10-25T11:57:42.756687,TRXUSDT,BUY,CLOSED,0.29800000,0.29810000,167.78523490,0.0168,0.03,,25.02,TIMEOUT,mm_entry
2025-10-25T11:56:47.656240,2025-10-25T11:56:51.502131,TRXUSDT,BUY,CLOSED,0.29790000,0.29810000,167.84155757,0.0336,0.07,,3.85,TP,mm_entry
2025-10-25T11:56:17.804881,2025-10-25T11:56:19.104535,ALGOUSDT,BUY,CLOSED,0.18390000,0.18410000,271.88689505,0.0544,0.11,,1.30,TP,mm_entry
2025-10-25T11:56:17.583568,2025-10-25T11:56:42.603476,TRXUSDT,BUY,CLOSED,0.29800000,0.29810000,167.78523490,0.0168,0.03,,25.02,TIMEOUT,mm_entry
2025-10-25T11:53:08.394276,2025-10-25T11:53:23.309704,TRXUSDT,BUY,CLOSED,0.29800000,0.29820000,167.78523490,0.0336,0.07,,14.92,TP,mm_entry
2025-10-25T11:52:38.284708,2025-10-25T11:53:03.334491,TRXUSDT,BUY,CLOSED,0.29800000,0.29810000,167.78523490,0.0168,0.03,,25.05,TIMEOUT,mm_entry
2025-10-25T11:52:08.200869,2025-10-25T11:52:33.225217,TRXUSDT,BUY,CLOSED,0.29800000,0.29810000,167.78523490,0.0168,0.03,,25.02,TIMEOUT,mm_entry
2025-10-25T11:51:38.147081,2025-10-25T11:52:03.222464,TRXUSDT,BUY,CLOSED,0.29800000,0.29810000,167.78523490,0.0168,0.03,,25.08,TIMEOUT,mm_entry
2025-10-25T11:51:08.136061,2025-10-25T11:51:33.238090,TRXUSDT,BUY,CLOSED,0.29800000,0.29810000,167.78523490,0.0168,0.03,,25.10,TIMEOUT,mm_entry
2025-10-25T11:51:07.922960,2025-10-25T11:51:09.319376,LINKUSDT,BUY,CLOSED,17.94000000,17.95000000,2.78706800,0.0279,0.06,,1.40,TP,mm_entry
2025-10-25T11:46:28.420251,2025-10-25T11:46:29.784048,LINKUSDT,BUY,CLOSED,17.92000000,17.93000000,2.79017857,0.0279,0.06,,1.36,TP,mm_entry
2025-10-25T11:45:58.340456,2025-10-25T11:45:59.806779,LINKUSDT,BUY,CLOSED,17.92000000,17.93000000,2.79017857,0.0279,0.06,,1.47,TP,mm_entry
2025-10-25T11:41:48.564263,2025-10-25T11:41:55.448710,TRXUSDT,BUY,CLOSED,0.29790000,0.29810000,167.84155757,0.0336,0.07,,6.88,TP,mm_entry
2025-10-25T11:41:48.358671,2025-10-25T11:41:50.094087,LINKUSDT,BUY,CLOSED,17.90000000,17.91000000,2.79329609,0.0279,0.06,,1.74,TP,mm_entry
2025-10-25T11:41:18.518076,2025-10-25T11:41:23.590165,TRXUSDT,BUY,CLOSED,0.29780000,0.29800000,167.89791807,0.0336,0.07,,5.07,TP,mm_entry
2025-10-25T11:41:18.310279,2025-10-25T11:41:20.686742,LINKUSDT,BUY,CLOSED,17.90000000,17.91000000,2.79329609,0.0279,0.06,,2.38,TP,mm_entry
2025-10-25T11:40:48.481927,2025-10-25T11:41:13.569759,TRXUSDT,BUY,CLOSED,0.29790000,0.29790000,167.84155757,,,,25.09,TIMEOUT,mm_entry
2025-10-25T11:40:48.287940,2025-10-25T11:40:49.615943,LINKUSDT,BUY,CLOSED,17.89000000,17.90000000,2.79485746,0.0279,0.06,,1.33,TP,mm_entry
2025-10-25T11:38:39.161344,2025-10-25T11:39:04.168553,TRXUSDT,BUY,CLOSED,0.29800000,0.29810000,167.78523490,0.0168,0.03,,25.01,TIMEOUT,mm_entry
2025-10-25T11:38:09.160539,2025-10-25T11:38:34.257730,TRXUSDT,BUY,CLOSED,0.29800000,0.29810000,167.78523490,0.0168,0.03,,25.10,TIMEOUT,mm_entry
2025-10-25T11:37:39.093851,2025-10-25T11:37:52.933663,TRXUSDT,BUY,CLOSED,0.29800000,0.29820000,167.78523490,0.0336,0.07,,13.84,TP,mm_entry
2025-10-25T11:37:09.093050,2025-10-25T11:37:34.130824,TRXUSDT,BUY,CLOSED,0.29800000,0.29810000,167.78523490,0.0168,0.03,,25.04,TIMEOUT,mm_entry
2025-10-25T11:36:39.001521,2025-10-25T11:37:04.060031,TRXUSDT,BUY,CLOSED,0.29800000,0.29810000,167.78523490,0.0168,0.03,,25.06,TIMEOUT,mm_entry
2025-10-25T11:36:08.960609,2025-10-25T11:36:33.973316,TRXUSDT,BUY,CLOSED,0.29800000,0.29810000,167.78523490,0.0168,0.03,,25.01,TIMEOUT,mm_entry
2025-10-25T11:36:08.753925,2025-10-25T11:36:10.325127,LINKUSDT,BUY,CLOSED,17.91000000,17.92000000,2.79173646,0.0279,0.06,,1.57,TP,mm_entry
2025-10-25T11:35:38.946924,2025-10-25T11:36:03.976312,TRXUSDT,BUY,CLOSED,0.29800000,0.29810000,167.78523490,0.0168,0.03,,25.03,TIMEOUT,mm_entry
2025-10-25T11:35:38.741107,2025-10-25T11:35:40.196761,LINKUSDT,BUY,CLOSED,17.92000000,17.93000000,2.79017857,0.0279,0.06,,1.46,TP,mm_entry
2025-10-25T11:31:51.420243,2025-10-25T11:32:16.472718,TRXUSDT,BUY,CLOSED,0.29820000,0.29820000,167.67270288,,,,25.05,TIMEOUT,mm_entry
2025-10-25T11:31:21.344269,2025-10-25T11:31:27.684427,TRXUSDT,BUY,CLOSED,0.29810000,0.29830000,167.72895002,0.0335,0.07,,6.34,TP,mm_entry
2025-10-25T11:30:51.340842,2025-10-25T11:31:06.733372,TRXUSDT,BUY,CLOSED,0.29800000,0.29820000,167.78523490,0.0336,0.07,,15.39,TP,mm_entry
2025-10-25T11:30:29.086356,2025-10-25T11:30:54.187500,ALGOUSDT,BUY,CLOSED,0.18420000,0.18420000,271.44408252,,,,25.10,TIMEOUT,mm_entry
2025-10-25T11:30:21.272236,2025-10-25T11:30:46.287413,TRXUSDT,BUY,CLOSED,0.29800000,0.29810000,167.78523490,0.0168,0.03,,25.02,TIMEOUT,mm_entry
2025-10-25T11:29:51.217330,2025-10-25T11:30:11.408248,TRXUSDT,BUY,CLOSED,0.29790000,0.29810000,167.84155757,0.0336,0.07,,20.19,TP,mm_entry
2025-10-25T11:29:21.110513,2025-10-25T11:29:44.462829,TRXUSDT,BUY,CLOSED,0.29780000,0.29800000,167.89791807,0.0336,0.07,,23.35,TP,mm_entry
2025-10-25T11:28:51.067548,2025-10-25T11:29:16.076535,TRXUSDT,BUY,CLOSED,0.29780000,0.29790000,167.89791807,0.0168,0.03,,25.01,TIMEOUT,mm_entry
2025-10-25T11:28:49.461818,2025-10-25T11:28:50.416247,LINKUSDT,BUY,CLOSED,17.93000000,17.94000000,2.78862242,0.0279,0.06,,0.95,TP,mm_entry
2025-10-25T11:28:20.979585,2025-10-25T11:28:46.074461,TRXUSDT,BUY,CLOSED,0.29780000,0.29790000,167.89791807,0.0168,0.03,,25.09,TIMEOUT,mm_entry
2025-10-25T11:28:19.376448,2025-10-25T11:28:20.677588,LINKUSDT,BUY,CLOSED,17.92000000,17.93000000,2.79017857,0.0279,0.06,,1.30,TP,mm_entry
2025-10-25T11:27:50.958811,2025-10-25T11:28:16.051599,TRXUSDT,BUY,CLOSED,0.29790000,0.29800000,167.84155757,0.0168,0.03,,25.09,TIMEOUT,mm_entry
2025-10-25T11:27:49.275609,2025-10-25T11:27:50.656839,LINKUSDT,BUY,CLOSED,17.92000000,17.93000000,2.79017857,0.0279,0.06,,1.38,TP,mm_entry
2025-10-25T11:27:20.944528,2025-10-25T11:27:45.972280,TRXUSDT,BUY,CLOSED,0.29790000,0.29800000,167.84155757,0.0168,0.03,,25.03,TIMEOUT,mm_entry
2025-10-25T11:27:19.269953,2025-10-25T11:27:20.434731,LINKUSDT,BUY,CLOSED,17.92000000,17.93000000,2.79017857,0.0279,0.06,,1.16,TP,mm_entry
2025-10-25T11:26:50.942612,2025-10-25T11:27:16.021097,TRXUSDT,BUY,CLOSED,0.29790000,0.29800000,167.84155757,0.0168,0.03,,25.08,TIMEOUT,mm_entry
2025-10-25T11:26:49.210636,2025-10-25T11:26:50.302218,LINKUSDT,BUY,CLOSED,17.92000000,17.93000000,2.79017857,0.0279,0.06,,1.09,TP,mm_entry
2025-10-25T11:26:20.846503,2025-10-25T11:26:45.859811,TRXUSDT,BUY,CLOSED,0.29800000,0.29800000,167.78523490,,,,25.01,TIMEOUT,mm_entry
2025-10-25T11:26:19.139287,2025-10-25T11:26:20.634727,LINKUSDT,BUY,CLOSED,17.93000000,17.94000000,2.78862242,0.0279,0.06,,1.50,TP,mm_entry
2025-10-25T11:25:49.357190,2025-10-25T11:26:14.398347,TRXUSDT,BUY,CLOSED,0.29810000,0.29810000,167.72895002,,,,25.04,TIMEOUT,mm_entry
2025-10-25T11:25:49.134674,2025-10-25T11:25:50.350009,LINKUSDT,BUY,CLOSED,17.94000000,17.95000000,2.78706800,0.0279,0.06,,1.22,TP,mm_entry
2025-10-25T11:25:19.260110,2025-10-25T11:25:44.327560,TRXUSDT,BUY,CLOSED,0.29810000,0.29820000,167.72895002,0.0168,0.03,,25.07,TIMEOUT,mm_entry
2025-10-25T11:25:19.053939,2025-10-25T11:25:20.337170,LINKUSDT,BUY,CLOSED,17.94000000,17.95000000,2.78706800,0.0279,0.06,,1.28,TP,mm_entry
2025-10-25T11:22:42.321993,2025-10-25T11:22:43.815676,VETUSDT,BUY,CLOSED,0.01720000,0.01721000,2906.97674419,0.0291,0.06,,1.49,TP,mm_entry
2025-10-25T11:22:12.230844,2025-10-25T11:22:13.610504,VETUSDT,BUY,CLOSED,0.01720000,0.01721000,2906.97674419,0.0291,0.06,,1.38,TP,mm_entry
2025-10-25T11:21:42.221353,2025-10-25T11:21:43.565933,VETUSDT,BUY,CLOSED,0.01720000,0.01721000,2906.97674419,0.0291,0.06,,1.34,TP,mm_entry
2025-10-25T11:21:12.201462,2025-10-25T11:21:13.676066,VETUSDT,BUY,CLOSED,0.01718000,0.01719000,2910.36088475,0.0291,0.06,,1.47,TP,mm_entry
2025-10-25T11:20:42.198682,2025-10-25T11:20:43.530054,VETUSDT,BUY,CLOSED,0.01718000,0.01719000,2910.36088475,0.0291,0.06,,1.33,TP,mm_entry
2025-10-25T11:20:39.559436,2025-10-25T11:20:41.398376,LINKUSDT,BUY,CLOSED,17.90000000,17.91000000,2.79329609,0.0279,0.06,,1.84,TP,mm_entry
2025-10-25T11:20:09.661606,2025-10-25T11:20:10.745713,VETUSDT,BUY,CLOSED,0.01718000,0.01719000,2910.36088475,0.0291,0.06,,1.08,TP,mm_entry
2025-10-25T11:20:09.452162,2025-10-25T11:20:10.952902,LINKUSDT,BUY,CLOSED,17.89000000,17.90000000,2.79485746,0.0279,0.06,,1.50,TP,mm_entry
2025-10-25T11:16:29.514148,2025-10-25T11:16:31.045263,VETUSDT,BUY,CLOSED,0.01718000,0.01719000,2910.36088475,0.0291,0.06,,1.53,TP,mm_entry
2025-10-25T11:15:59.450684,2025-10-25T11:16:00.576382,VETUSDT,BUY,CLOSED,0.01718000,0.01719000,2910.36088475,0.0291,0.06,,1.13,TP,mm_entry
2025-10-25T11:15:31.550897,2025-10-25T11:15:44.126029,TRXUSDT,BUY,CLOSED,0.29810000,0.29830000,167.72895002,0.0335,0.07,,12.58,TP,mm_entry
2025-10-25T11:15:30.000848,2025-10-25T11:15:31.970070,ALGOUSDT,BUY,CLOSED,0.18370000,0.18380000,272.18290691,0.0272,0.05,,1.97,TP,mm_entry
2025-10-25T11:15:29.591618,2025-10-25T11:15:31.762644,LINKUSDT,BUY,CLOSED,17.88000000,17.89000000,2.79642058,0.0280,0.06,,2.17,TP,mm_entry
2025-10-25T11:15:29.386633,2025-10-25T11:15:31.348960,VETUSDT,BUY,CLOSED,0.01718000,0.01719000,2910.36088475,0.0291,0.06,,1.96,TP,mm_entry
2025-10-25T11:14:59.986988,2025-10-25T11:15:01.474199,ALGOUSDT,BUY,CLOSED,0.18370000,0.18380000,272.18290691,0.0272,0.05,,1.49,TP,mm_entry
2025-10-25T11:14:59.778505,2025-10-25T11:15:12.610676,TRXUSDT,BUY,CLOSED,0.29800000,0.29820000,167.78523490,0.0336,0.07,,12.83,TP,mm_entry
2025-10-25T11:14:59.565953,2025-10-25T11:15:01.046741,LINKUSDT,BUY,CLOSED,17.88000000,17.89000000,2.79642058,0.0280,0.06,,1.48,TP,mm_entry
2025-10-25T11:14:59.347961,2025-10-25T11:15:01.252425,VETUSDT,BUY,CLOSED,0.01718000,0.01719000,2910.36088475,0.0291,0.06,,1.90,TP,mm_entry
2025-10-25T11:11:50.917344,2025-10-25T11:11:52.298682,LINKUSDT,BUY,CLOSED,17.88000000,17.89000000,2.79642058,0.0280,0.06,,1.38,TP,mm_entry
2025-10-25T11:11:20.871311,2025-10-25T11:11:22.395741,LINKUSDT,BUY,CLOSED,17.89000000,17.90000000,2.79485746,0.0279,0.06,,1.52,TP,mm_entry
2025-10-25T11:10:50.832175,2025-10-25T11:10:52.690722,LINKUSDT,BUY,CLOSED,17.89000000,17.90000000,2.79485746,0.0279,0.06,,1.86,TP,mm_entry
2025-10-25T11:10:20.727964,2025-10-25T11:10:21.933751,LINKUSDT,BUY,CLOSED,17.89000000,17.90000000,2.79485746,0.0279,0.06,,1.21,TP,mm_entry
2025-10-25T11:09:50.725562,2025-10-25T11:09:51.979170,LINKUSDT,BUY,CLOSED,17.89000000,17.90000000,2.79485746,0.0279,0.06,,1.25,TP,mm_entry
2025-10-25T11:09:49.476853,2025-10-25T11:10:06.520968,TRXUSDT,BUY,CLOSED,0.29820000,0.29800000,167.67270288,-0.0335,-0.07,,17.04,SL,mm_entry
2025-10-25T11:07:11.751637,2025-10-25T11:07:13.155990,LINKUSDT,BUY,CLOSED,17.88000000,17.89000000,2.79642058,0.0280,0.06,,1.40,TP,mm_entry
2025-10-25T11:06:41.693113,2025-10-25T11:06:43.132430,LINKUSDT,BUY,CLOSED,17.88000000,17.89000000,2.79642058,0.0280,0.06,,1.44,TP,mm_entry
2025-10-25T11:06:11.596756,2025-10-25T11:06:13.565671,LINKUSDT,BUY,CLOSED,17.88000000,17.89000000,2.79642058,0.0280,0.06,,1.97,TP,mm_entry
2025-10-25T11:05:41.525015,2025-10-25T11:05:42.755246,LINKUSDT,BUY,CLOSED,17.88000000,17.89000000,2.79642058,0.0280,0.06,,1.23,TP,mm_entry
2025-10-25T11:05:40.146377,2025-10-25T11:06:05.193864,TRXUSDT,BUY,CLOSED,0.29850000,0.29860000,167.50418760,0.0168,0.03,,25.05,TIMEOUT,mm_entry
2025-10-25T11:05:11.482202,2025-10-25T11:05:12.610399,LINKUSDT,BUY,CLOSED,17.89000000,17.90000000,2.79485746,0.0279,0.06,,1.13,TP,mm_entry
2025-10-25T11:05:10.118515,2025-10-25T11:05:15.772645,TRXUSDT,BUY,CLOSED,0.29830000,0.29850000,167.61649346,0.0335,0.07,,5.65,TP,mm_entry
2025-10-25T11:04:40.096253,2025-10-25T11:05:05.189679,TRXUSDT,BUY,CLOSED,0.29830000,0.29840000,167.61649346,0.0168,0.03,,25.09,TIMEOUT,mm_entry
2025-10-25T11:04:39.874693,2025-10-25T11:04:41.154844,LINKUSDT,BUY,CLOSED,17.88000000,17.89000000,2.79642058,0.0280,0.06,,1.28,TP,mm_entry
2025-10-25T11:01:30.646354,2025-10-25T11:01:33.955127,TRXUSDT,BUY,CLOSED,0.29820000,0.29800000,167.67270288,-0.0335,-0.07,,3.31,SL,mm_entry
2025-10-25T11:01:00.537683,2025-10-25T11:01:25.614616,TRXUSDT,BUY,CLOSED,0.29820000,0.29830000,167.67270288,0.0168,0.03,,25.08,TIMEOUT,mm_entry
2025-10-25T11:00:30.451905,2025-10-25T11:00:40.598361,TRXUSDT,BUY,CLOSED,0.29840000,0.29820000,167.56032172,-0.0335,-0.07,,10.15,SL,mm_entry
2025-10-25T11:00:00.348552,2025-10-25T11:00:11.665361,TRXUSDT,BUY,CLOSED,0.29830000,0.29850000,167.61649346,0.0335,0.07,,11.32,TP,mm_entry
2025-10-25T10:59:30.333874,2025-10-25T10:59:39.457539,TRXUSDT,BUY,CLOSED,0.29820000,0.29840000,167.67270288,0.0335,0.07,,9.12,TP,mm_entry
2025-10-25T10:55:50.880111,2025-10-25T10:55:52.234891,LINKUSDT,BUY,CLOSED,17.86000000,17.87000000,2.79955207,0.0280,0.06,,1.35,TP,mm_entry
2025-10-25T10:55:20.829847,2025-10-25T10:55:22.228870,LINKUSDT,BUY,CLOSED,17.86000000,17.87000000,2.79955207,0.0280,0.06,,1.40,TP,mm_entry
2025-10-25T10:54:51.020380,2025-10-25T10:54:57.524276,TRXUSDT,BUY,CLOSED,0.29820000,0.29840000,167.67270288,0.0335,0.07,,6.50,TP,mm_entry
2025-10-25T10:54:50.814437,2025-10-25T10:54:52.596741,LINKUSDT,BUY,CLOSED,17.86000000,17.87000000,2.79955207,0.0280,0.06,,1.78,TP,mm_entry
2025-10-25T10:54:20.974720,2025-10-25T10:54:41.655844,TRXUSDT,BUY,CLOSED,0.29800000,0.29830000,167.78523490,0.0503,0.10,,20.68,TP,mm_entry
2025-10-25T10:54:20.768544,2025-10-25T10:54:21.941200,LINKUSDT,BUY,CLOSED,17.86000000,17.87000000,2.79955207,0.0280,0.06,,1.17,TP,mm_entry
2025-10-25T10:51:12.244899,2025-10-25T10:51:25.412287,TRXUSDT,BUY,CLOSED,0.29800000,0.29820000,167.78523490,0.0336,0.07,,13.17,TP,mm_entry
2025-10-25T10:50:50.614877,2025-10-25T10:50:51.588440,VETUSDT,BUY,CLOSED,0.01713000,0.01714000,2918.85580852,0.0292,0.06,,0.97,TP,mm_entry
2025-10-25T10:50:42.179755,2025-10-25T10:51:07.201044,TRXUSDT,BUY,CLOSED,0.29810000,0.29810000,167.72895002,,,,25.02,TIMEOUT,mm_entry
2025-10-25T10:50:20.569576,2025-10-25T10:50:21.959970,VETUSDT,BUY,CLOSED,0.01714000,0.01715000,2917.15285881,0.0292,0.06,,1.39,TP,mm_entry
2025-10-25T10:50:12.162656,2025-10-25T10:50:18.504495,TRXUSDT,BUY,CLOSED,0.29800000,0.29820000,167.78523490,0.0336,0.07,,6.34,TP,mm_entry
2025-10-25T10:49:42.135249,2025-10-25T10:50:07.210329,TRXUSDT,BUY,CLOSED,0.29800000,0.29810000,167.78523490,0.0168,0.03,,25.08,TIMEOUT,mm_entry
2025-10-25T10:49:17.864476,2025-10-25T10:49:19.484988,ALGOUSDT,BUY,CLOSED,0.18300000,0.18310000,273.22404372,0.0273,0.05,,1.62,TP,mm_entry
2025-10-25T10:49:12.053681,2025-10-25T10:49:36.229995,TRXUSDT,BUY,CLOSED,0.29800000,0.29820000,167.78523490,0.0336,0.07,,24.18,TP,mm_entry
2025-10-25T10:49:10.818635,2025-10-25T10:49:12.709219,LINKUSDT,BUY,CLOSED,17.85000000,17.86000000,2.80112045,0.0280,0.06,,1.89,TP,mm_entry
2025-10-25T10:44:27.364825,2025-10-25T10:44:28.885136,VETUSDT,BUY,CLOSED,0.01714000,0.01715000,2917.15285881,0.0292,0.06,,1.52,TP,mm_entry
2025-10-25T10:44:03.078272,2025-10-25T10:44:28.135118,TRXUSDT,BUY,CLOSED,0.29810000,0.29810000,167.72895002,,,,25.06,TIMEOUT,mm_entry
2025-10-25T10:43:57.343361,2025-10-25T10:43:58.960030,VETUSDT,BUY,CLOSED,0.01713000,0.01714000,2918.85580852,0.0292,0.06,,1.62,TP,mm_entry
2025-10-25T10:43:33.046747,2025-10-25T10:43:45.275890,TRXUSDT,BUY,CLOSED,0.29800000,0.29820000,167.78523490,0.0336,0.07,,12.23,TP,mm_entry
2025-10-25T10:43:05.110039,2025-10-25T10:43:06.424906,LINKUSDT,BUY,CLOSED,17.85000000,17.86000000,2.80112045,0.0280,0.06,,1.31,TP,mm_entry
2025-10-25T10:43:03.025883,2025-10-25T10:43:21.513018,TRXUSDT,BUY,CLOSED,0.29780000,0.29800000,167.89791807,0.0336,0.07,,18.49,TP,mm_entry
2025-10-25T10:42:35.687459,2025-10-25T10:42:57.218302,VETUSDT,BUY,CLOSED,0.01714000,0.01712000,2917.15285881,-0.0583,-0.12,,21.53,SL,mm_entry
2025-10-25T10:42:35.049612,2025-10-25T10:42:36.485708,LINKUSDT,BUY,CLOSED,17.86000000,17.87000000,2.79955207,0.0280,0.06,,1.44,TP,mm_entry
2025-10-25T10:42:32.967169,2025-10-25T10:42:51.832719,TRXUSDT,BUY,CLOSED,0.29810000,0.29780000,167.72895002,-0.0503,-0.10,,18.87,SL,mm_entry
2025-10-25T10:42:05.614667,2025-10-25T10:42:06.846995,VETUSDT,BUY,CLOSED,0.01713000,0.01714000,2918.85580852,0.0292,0.06,,1.23,TP,mm_entry
2025-10-25T10:42:04.962398,2025-10-25T10:42:06.353800,LINKUSDT,BUY,CLOSED,17.86000000,17.87000000,2.79955207,0.0280,0.06,,1.39,TP,mm_entry
2025-10-25T10:42:02.944522,2025-10-25T10:42:27.992381,TRXUSDT,BUY,CLOSED,0.29820000,0.29830000,167.67270288,0.0168,0.03,,25.05,TIMEOUT,mm_entry
2025-10-25T10:41:35.573382,2025-10-25T10:41:37.444664,VETUSDT,BUY,CLOSED,0.01714000,0.01715000,2917.15285881,0.0292,0.06,,1.87,TP,mm_entry
2025-10-25T10:41:34.925268,2025-10-25T10:41:36.003330,LINKUSDT,BUY,CLOSED,17.88000000,17.89000000,2.79642058,0.0280,0.06,,1.08,TP,mm_entry
2025-10-25T10:41:32.871241,2025-10-25T10:41:57.966152,TRXUSDT,BUY,CLOSED,0.29820000,0.29830000,167.67270288,0.0168,0.03,,25.09,TIMEOUT,mm_entry
2025-10-25T10:41:05.507791,2025-10-25T10:41:06.689174,VETUSDT,BUY,CLOSED,0.01715000,0.01716000,2915.45189504,0.0292,0.06,,1.18,TP,mm_entry
2025-10-25T10:41:04.837439,2025-10-25T10:41:05.938099,LINKUSDT,BUY,CLOSED,17.89000000,17.90000000,2.79485746,0.0279,0.06,,1.10,TP,mm_entry
2025-10-25T10:41:02.818353,2025-10-25T10:41:27.923377,TRXUSDT,BUY,CLOSED,0.29820000,0.29830000,167.67270288,0.0168,0.03,,25.11,TIMEOUT,mm_entry
2025-10-25T10:40:35.418751,2025-10-25T10:40:36.715695,VETUSDT,BUY,CLOSED,0.01715000,0.01716000,2915.45189504,0.0292,0.06,,1.30,TP,mm_entry
2025-10-25T10:40:32.759116,2025-10-25T10:40:57.835114,TRXUSDT,BUY,CLOSED,0.29820000,0.29830000,167.67270288,0.0168,0.03,,25.08,TIMEOUT,mm_entry
2025-10-25T10:40:02.707483,2025-10-25T10:40:27.745099,TRXUSDT,BUY,CLOSED,0.29830000,0.29840000,167.61649346,0.0168,0.03,,25.04,TIMEOUT,mm_entry
2025-10-25T10:40:02.492807,2025-10-25T10:40:03.981743,LINKUSDT,BUY,CLOSED,17.90000000,17.91000000,2.79329609,0.0279,0.06,,1.49,TP,mm_entry
2025-10-25T10:40:02.273643,2025-10-25T10:40:04.315202,VETUSDT,BUY,CLOSED,0.01716000,0.01717000,2913.75291375,0.0291,0.06,,2.04,TP,mm_entry
2025-10-25T10:38:48.852732,2025-10-25T10:39:07.978492,TRXUSDT,BUY,CLOSED,0.29820000,0.29840000,167.67270288,0.0335,0.07,,19.13,TP,mm_entry
2025-10-25T10:36:54.508643,2025-10-25T10:36:56.062701,TRXUSDT,BUY,CLOSED,0.29800000,0.29820000,167.78523490,0.0336,0.07,,1.55,TP,mm_entry
2025-10-25T10:36:31.915987,2025-10-25T10:36:32.967823,LINKUSDT,BUY,CLOSED,17.89000000,17.90000000,2.79485746,0.0279,0.06,,1.05,TP,mm_entry
2025-10-25T10:36:30.564700,2025-10-25T10:36:50.824619,VETUSDT,BUY,CLOSED,0.01717000,0.01718000,2912.05591147,0.0291,0.06,,20.26,TP,mm_entry
2025-10-25T10:36:24.415405,2025-10-25T10:36:31.131307,TRXUSDT,BUY,CLOSED,0.29810000,0.29790000,167.72895002,-0.0335,-0.07,,6.72,SL,mm_entry
2025-10-25T10:36:00.323651,2025-10-25T10:36:25.329498,LINKUSDT,BUY,CLOSED,17.91000000,17.91000000,2.79173646,,,,25.01,TIMEOUT,mm_entry
2025-10-25T10:35:57.317100,2025-10-25T10:35:58.498404,VETUSDT,BUY,CLOSED,0.01718000,0.01719000,2910.36088475,0.0291,0.06,,1.18,TP,mm_entry
2025-10-25T10:35:51.314275,2025-10-25T10:35:58.081409,TRXUSDT,BUY,CLOSED,0.29780000,0.29800000,167.89791807,0.0336,0.07,,6.77,TP,mm_entry
2025-10-25T10:34:08.092517,2025-10-25T10:34:09.506224,LINKUSDT,BUY,CLOSED,17.95000000,17.97000000,2.78551532,0.0557,0.11,,1.41,TP,mm_entry
2025-10-25T10:34:07.887107,2025-10-25T10:34:09.719560,VETUSDT,BUY,CLOSED,0.01721000,0.01722000,2905.28762347,0.0291,0.06,,1.83,TP,mm_entry
2025-10-25T10:33:38.291222,2025-10-25T10:33:50.686959,TRXUSDT,BUY,CLOSED,0.29820000,0.29800000,167.67270288,-0.0335,-0.07,,12.40,SL,mm_entry
2025-10-25T10:33:38.082740,2025-10-25T10:33:39.285311,LINKUSDT,BUY,CLOSED,17.97000000,17.98000000,2.78241514,0.0278,0.06,,1.20,TP,mm_entry
2025-10-25T10:33:37.864847,2025-10-25T10:33:39.749897,VETUSDT,BUY,CLOSED,0.01723000,0.01724000,2901.91526407,0.0290,0.06,,1.89,TP,mm_entry
2025-10-25T10:33:29.421962,2025-10-25T10:33:32.023642,ETHUSDT,BUY,CLOSED,3956.53000000,3949.89000000,0.01263734,-0.0839,-0.17,,2.60,SL,mm_entry
2025-10-25T10:32:58.131810,2025-10-25T10:32:59.487187,LINKUSDT,BUY,CLOSED,17.95000000,17.96000000,2.78551532,0.0279,0.06,,1.36,TP,mm_entry
2025-10-25T10:32:37.050849,2025-10-25T10:33:02.082180,TRXUSDT,BUY,CLOSED,0.29770000,0.29780000,167.95431643,0.0168,0.03,,25.03,TIMEOUT,mm_entry
2025-10-25T10:32:28.104745,2025-10-25T10:32:30.133215,LINKUSDT,BUY,CLOSED,17.95000000,17.96000000,2.78551532,0.0279,0.06,,2.03,TP,mm_entry
2025-10-25T10:32:19.754587,2025-10-25T10:32:20.966460,VETUSDT,BUY,CLOSED,0.01718000,0.01719000,2910.36088475,0.0291,0.06,,1.21,TP,mm_entry
2025-10-25T10:31:03.918617,2025-10-25T10:31:05.140862,LINKUSDT,BUY,CLOSED,17.97000000,17.98000000,2.78241514,0.0278,0.06,,1.22,TP,mm_entry
2025-10-25T10:30:54.679663,2025-10-25T10:31:19.756720,TRXUSDT,BUY,CLOSED,0.29770000,0.29780000,167.95431643,0.0168,0.03,,25.08,TIMEOUT,mm_entry
2025-10-25T10:30:32.837900,2025-10-25T10:30:34.303013,LINKUSDT,BUY,CLOSED,17.96000000,17.97000000,2.78396437,0.0278,0.06,,1.47,TP,mm_entry
2025-10-25T10:30:24.663466,2025-10-25T10:30:49.706465,TRXUSDT,BUY,CLOSED,0.29780000,0.29780000,167.89791807,,,,25.04,TIMEOUT,mm_entry
2025-10-25T10:30:16.402344,2025-10-25T10:30:17.553955,VETUSDT,BUY,CLOSED,0.01720000,0.01721000,2906.97674419,0.0291,0.06,,1.15,TP,mm_entry
2025-10-25T10:30:02.809980,2025-10-25T10:30:04.129711,LINKUSDT,BUY,CLOSED,17.97000000,17.98000000,2.78241514,0.0278,0.06,,1.32,TP,mm_entry
2025-10-25T10:29:54.571075,2025-10-25T10:30:05.610656,TRXUSDT,BUY,CLOSED,0.29760000,0.29790000,168.01075269,0.0504,0.10,,11.04,TP,mm_entry
2025-10-25T10:29:32.734368,2025-10-25T10:29:33.758815,LINKUSDT,BUY,CLOSED,17.94000000,17.95000000,2.78706800,0.0279,0.06,,1.02,TP,mm_entry
2025-10-25T10:29:24.530537,2025-10-25T10:29:49.555765,TRXUSDT,BUY,CLOSED,0.29760000,0.29770000,168.01075269,0.0168,0.03,,25.03,TIMEOUT,mm_entry
2025-10-25T10:28:58.394845,2025-10-25T10:28:59.664256,LINKUSDT,BUY,CLOSED,17.95000000,17.96000000,2.78551532,0.0279,0.06,,1.27,TP,mm_entry
2025-10-25T10:28:54.418430,2025-10-25T10:29:19.515672,TRXUSDT,BUY,CLOSED,0.29770000,0.29770000,167.95431643,,,,25.10,TIMEOUT,mm_entry
2025-10-25T10:28:28.335711,2025-10-25T10:28:29.506041,LINKUSDT,BUY,CLOSED,17.96000000,17.97000000,2.78396437,0.0278,0.06,,1.17,TP,mm_entry
2025-10-25T10:28:24.354540,2025-10-25T10:28:38.537507,TRXUSDT,BUY,CLOSED,0.29780000,0.29750000,167.89791807,-0.0504,-0.10,,14.18,SL,mm_entry
2025-10-25T10:27:54.323170,2025-10-25T10:27:57.490939,TRXUSDT,BUY,CLOSED,0.29790000,0.29810000,167.84155757,0.0336,0.07,,3.17,TP,mm_entry
2025-10-25T10:27:36.756509,2025-10-25T10:27:37.733981,LINKUSDT,BUY,CLOSED,17.95000000,17.96000000,2.78551532,0.0279,0.06,,0.98,TP,mm_entry
2025-10-25T10:27:24.232689,2025-10-25T10:27:25.304049,TRXUSDT,BUY,CLOSED,0.29750000,0.29770000,168.06722689,0.0336,0.07,,1.07,TP,mm_entry
2025-10-25T10:26:54.382257,2025-10-25T10:26:55.422662,VETUSDT,BUY,CLOSED,0.01720000,0.01721000,2906.97674419,0.0291,0.06,,1.04,TP,mm_entry
2025-10-25T10:26:54.191033,2025-10-25T10:27:09.987993,TRXUSDT,BUY,CLOSED,0.29800000,0.29750000,167.78523490,-0.0839,-0.17,,15.80,SL,mm_entry
2025-10-25T10:26:40.473088,2025-10-25T10:26:41.545822,LINKUSDT,BUY,CLOSED,17.94000000,17.95000000,2.78706800,0.0279,0.06,,1.07,TP,mm_entry
2025-10-25T10:26:24.289150,2025-10-25T10:26:25.810885,VETUSDT,BUY,CLOSED,0.01720000,0.01721000,2906.97674419,0.0291,0.06,,1.52,TP,mm_entry
2025-10-25T10:26:24.084523,2025-10-25T10:26:25.362908,TRXUSDT,BUY,CLOSED,0.29770000,0.29790000,167.95431643,0.0336,0.07,,1.28,TP,mm_entry
2025-10-25T10:26:10.381598,2025-10-25T10:26:11.377391,LINKUSDT,BUY,CLOSED,17.94000000,17.95000000,2.78706800,0.0279,0.06,,1.00,TP,mm_entry
2025-10-25T10:25:41.295379,2025-10-25T10:26:01.344074,TRXUSDT,BUY,CLOSED,0.29740000,0.29760000,168.12373907,0.0336,0.07,,20.05,TP,mm_entry
2025-10-25T10:25:40.545267,2025-10-25T10:25:41.901317,VETUSDT,BUY,CLOSED,0.01719000,0.01721000,2908.66783013,0.0582,0.12,,1.36,TP,mm_entry
2025-10-25T10:25:40.354216,2025-10-25T10:25:41.694789,LINKUSDT,BUY,CLOSED,17.94000000,17.95000000,2.78706800,0.0279,0.06,,1.34,TP,mm_entry
2025-10-25T10:25:11.259986,2025-10-25T10:25:21.420828,TRXUSDT,BUY,CLOSED,0.29720000,0.29740000,168.23687752,0.0336,0.07,,10.16,TP,mm_entry
2025-10-25T10:25:02.501183,2025-10-25T10:25:03.546610,LINKUSDT,BUY,CLOSED,17.95000000,17.96000000,2.78551532,0.0279,0.06,,1.05,TP,mm_entry
2025-10-25T10:24:57.115264,2025-10-25T10:24:58.171740,VETUSDT,BUY,CLOSED,0.01720000,0.01721000,2906.97674419,0.0291,0.06,,1.06,TP,mm_entry
2025-10-25T10:24:32.467822,2025-10-25T10:24:33.431892,LINKUSDT,BUY,CLOSED,17.94000000,17.95000000,2.78706800,0.0279,0.06,,0.96,TP,mm_entry
2025-10-25T10:24:28.268510,2025-10-25T10:24:49.957828,TRXUSDT,BUY,CLOSED,0.29700000,0.29720000,168.35016835,0.0337,0.07,,21.69,TP,mm_entry
2025-10-25T10:24:27.019327,2025-10-25T10:24:28.061304,VETUSDT,BUY,CLOSED,0.01720000,0.01721000,2906.97674419,0.0291,0.06,,1.04,TP,mm_entry
2025-10-25T10:24:02.442834,2025-10-25T10:24:03.411839,LINKUSDT,BUY,CLOSED,17.93000000,17.94000000,2.78862242,0.0279,0.06,,0.97,TP,mm_entry
2025-10-25T10:23:58.065413,2025-10-25T10:24:17.262082,TRXUSDT,BUY,CLOSED,0.29690000,0.29710000,168.40687100,0.0337,0.07,,19.20,TP,mm_entry
2025-10-25T10:23:32.369464,2025-10-25T10:23:33.511529,LINKUSDT,BUY,CLOSED,17.92000000,17.93000000,2.79017857,0.0279,0.06,,1.14,TP,mm_entry
2025-10-25T10:23:14.567251,2025-10-25T10:23:16.582966,TRXUSDT,BUY,CLOSED,0.29640000,0.29680000,168.69095816,0.0675,0.13,,2.02,TP,mm_entry
2025-10-25T10:23:02.259338,2025-10-25T10:23:03.494240,LINKUSDT,BUY,CLOSED,17.91000000,17.92000000,2.79173646,0.0279,0.06,,1.23,TP,mm_entry
2025-10-25T10:22:32.219118,2025-10-25T10:22:33.538405,LINKUSDT,BUY,CLOSED,17.91000000,17.92000000,2.79173646,0.0279,0.06,,1.32,TP,mm_entry
2025-10-25T10:22:31.145428,2025-10-25T10:22:56.169124,TRXUSDT,BUY,CLOSED,0.29620000,0.29630000,168.80486158,0.0169,0.03,,25.02,TIMEOUT,mm_entry
2025-10-25T10:22:02.179030,2025-10-25T10:22:03.285655,LINKUSDT,BUY,CLOSED,17.91000000,17.92000000,2.79173646,0.0279,0.06,,1.11,TP,mm_entry
2025-10-25T10:22:01.970309,2025-10-25T10:22:03.603766,VETUSDT,BUY,CLOSED,0.01719000,0.01720000,2908.66783013,0.0291,0.06,,1.63,TP,mm_entry
2025-10-25T10:21:59.502084,2025-10-25T10:22:24.521288,TRXUSDT,BUY,CLOSED,0.29630000,0.29630000,168.74789065,,,,25.02,TIMEOUT,mm_entry
2025-10-25T10:21:29.419544,2025-10-25T10:21:54.448537,TRXUSDT,BUY,CLOSED,0.29620000,0.29630000,168.80486158,0.0169,0.03,,25.03,TIMEOUT,mm_entry
2025-10-25T10:21:18.698152,2025-10-25T10:21:19.700092,LINKUSDT,BUY,CLOSED,17.90000000,17.91000000,2.79329609,0.0279,0.06,,1.00,TP,mm_entry
2025-10-25T10:20:59.321867,2025-10-25T10:21:14.801561,TRXUSDT,BUY,CLOSED,0.29570000,0.29590000,169.09029422,0.0338,0.07,,15.48,TP,mm_entry
2025-10-25T10:20:29.244382,2025-10-25T10:20:43.185940,TRXUSDT,BUY,CLOSED,0.29560000,0.29580000,169.14749662,0.0338,0.07,,13.94,TP,mm_entry
2025-10-25T10:20:20.979263,2025-10-25T10:20:29.038091,LINKUSDT,BUY,CLOSED,17.87000000,17.88000000,2.79798545,0.0280,0.06,,8.06,TP,mm_entry
2025-10-25T10:19:54.649212,2025-10-25T10:20:08.828836,TRXUSDT,BUY,CLOSED,0.29550000,0.29570000,169.20473773,0.0338,0.07,,14.18,TP,mm_entry
2025-10-25T10:19:52.325410,2025-10-25T10:19:53.909444,VETUSDT,BUY,CLOSED,0.01717000,0.01718000,2912.05591147,0.0291,0.06,,1.58,TP,mm_entry
2025-10-25T10:19:23.415831,2025-10-25T10:19:47.645483,TRXUSDT,BUY,CLOSED,0.29550000,0.29570000,169.20473773,0.0338,0.07,,24.23,TP,mm_entry
2025-10-25T10:19:11.012280,2025-10-25T10:19:11.942391,LINKUSDT,BUY,CLOSED,17.89000000,17.90000000,2.79485746,0.0279,0.06,,0.93,TP,mm_entry
2025-10-25T10:18:56.017889,2025-10-25T10:18:57.041544,VETUSDT,BUY,CLOSED,0.01718000,0.01719000,2910.36088475,0.0291,0.06,,1.02,TP,mm_entry
2025-10-25T10:18:34.730669,2025-10-25T10:18:35.991694,LINKUSDT,BUY,CLOSED,17.90000000,17.91000000,2.79329609,0.0279,0.06,,1.26,TP,mm_entry
2025-10-25T10:18:25.967838,2025-10-25T10:18:27.041785,VETUSDT,BUY,CLOSED,0.01718000,0.01719000,2910.36088475,0.0291,0.06,,1.07,TP,mm_entry
2025-10-25T10:18:17.298693,2025-10-25T10:18:19.844008,TRXUSDT,BUY,CLOSED,0.29560000,0.29580000,169.14749662,0.0338,0.07,,2.55,TP,mm_entry
2025-10-25T10:18:04.673451,2025-10-25T10:18:05.813723,LINKUSDT,BUY,CLOSED,17.88000000,17.89000000,2.79642058,0.0280,0.06,,1.14,TP,mm_entry
2025-10-25T10:17:51.899602,2025-10-25T10:17:53.189582,VETUSDT,BUY,CLOSED,0.01718000,0.01719000,2910.36088475,0.0291,0.06,,1.29,TP,mm_entry
2025-10-25T10:17:47.215936,2025-10-25T10:18:12.229733,TRXUSDT,BUY,CLOSED,0.29560000,0.29560000,169.14749662,,,,25.01,TIMEOUT,mm_entry
2025-10-25T10:17:34.606194,2025-10-25T10:17:35.921433,LINKUSDT,BUY,CLOSED,17.87000000,17.88000000,2.79798545,0.0280,0.06,,1.32,TP,mm_entry
2025-10-25T10:17:21.818533,2025-10-25T10:17:22.860314,VETUSDT,BUY,CLOSED,0.01717000,0.01719000,2912.05591147,0.0582,0.12,,1.04,TP,mm_entry
2025-10-25T10:17:17.146501,2025-10-25T10:17:18.547705,TRXUSDT,BUY,CLOSED,0.29530000,0.29550000,169.31933627,0.0339,0.07,,1.40,TP,mm_entry
2025-10-25T10:17:04.547426,2025-10-25T10:17:05.911786,LINKUSDT,BUY,CLOSED,17.86000000,17.88000000,2.79955207,0.0560,0.11,,1.36,TP,mm_entry
2025-10-25T10:11:20.145937,2025-10-25T10:11:21.673613,LINKUSDT,BUY,CLOSED,17.85000000,17.86000000,2.80112045,0.0280,0.06,,1.53,TP,mm_entry
2025-10-25T10:10:50.052659,2025-10-25T10:10:51.135472,LINKUSDT,BUY,CLOSED,17.85000000,17.86000000,2.80112045,0.0280,0.06,,1.08,TP,mm_entry
2025-10-25T10:10:20.027936,2025-10-25T10:10:21.384935,LINKUSDT,BUY,CLOSED,17.84000000,17.85000000,2.80269058,0.0280,0.06,,1.36,TP,mm_entry
2025-10-25T10:09:48.479354,2025-10-25T10:09:49.577667,LINKUSDT,BUY,CLOSED,17.84000000,17.85000000,2.80269058,0.0280,0.06,,1.10,TP,mm_entry
2025-10-25T10:09:18.461589,2025-10-25T10:09:20.193493,LINKUSDT,BUY,CLOSED,17.83000000,17.84000000,2.80426248,0.0280,0.06,,1.73,TP,mm_entry
2025-10-25T10:08:58.517552,2025-10-25T10:08:59.784966,VETUSDT,BUY,CLOSED,0.01715000,0.01716000,2915.45189504,0.0292,0.06,,1.27,TP,mm_entry
